﻿KEE07_120721_0001|eg kenni nógv sum hava føðingardag í dag
KEE07_120721_0002|ja góða
KEE07_120721_0003|vit fara at gera alt tað vit kunnu
KEE07_120721_0004|vit hava ongar ætlanir um at fara nakrastaðni í morgin
KEE07_120721_0005|hann er ræðuliga stuttligur
KEE07_120721_0006|hann kvalist
KEE07_120721_0007|eg gav honum regnskjólið aftur
KEE07_120721_0008|gerið so væl og fái tykkum
KEE07_120721_0009|gud hoyrdi bønir okkara
KEE07_120721_0010|tað kann vera torført at liva upp til vónirnar hjá foreldrunum
KEE07_120721_0011|hvat feilar tær
KEE07_120721_0012|eg hevði ynskt at eg hevði ein slíkan son
KEE07_120721_0013|hann gekk ikki í skúla ta tíðina
KEE07_120721_0014|hann er eingin vánaligur kokkur
KEE07_120721_0015|tey vóru bilsin um at síggja so nógvar pengar
KEE07_120721_0016|tey lovaðu at geva ein part av pengunum burtur
KEE07_120721_0017|eg át allar smákøkurnar
KEE07_120721_0018|hvussu góður er hann
KEE07_120721_0019|eg haldi at eg fari til handils fyrst
KEE07_120721_0020|eg var ongantíð nøkur vøkur kona
KEE07_120721_0021|hann er tann sum skal siga okkum tað
KEE07_120721_0022|hann heldur at hann veit betur enn øll hini
KEE07_120721_0023|fara tit at hjálpa okkum
KEE07_120721_0024|hvussu leingi fara tit at gera hatta
KEE07_120721_0025|kann eg fáa eitt sindur av pengum
KEE07_120721_0026|vindeygað var knúst
KEE07_120721_0027|kanska tú verður bilsin av at hoyra hetta
KEE07_120721_0028|lyftir tú eisini vektir
KEE07_120721_0029|hon lat seg í hattin
KEE07_120721_0030|í hansara eygum var hon fullkomin
KEE07_120721_0031|hvønn tekur tú við
KEE07_120721_0032|hann tapti lutakastið
KEE07_120721_0033|eg stúri fyri at tosa við tey
KEE07_120721_0034|hann arbeiddi allan dagin í gjár
KEE07_120721_0035|eg helt ikki at tú fórt at biðja hann gera tað
KEE07_120721_0036|hann situr við borðið við síðuna av mær
KEE07_120721_0037|tær vita at tær gjørdu eitt mistak
KEE07_120721_0038|hava tit nakrar aðrar spurningar um málið
KEE07_120721_0039|eg haldi ikki at tú skalt gera tað
KEE07_120721_0040|hon er ein skilagóð ung kvinna
KEE07_120721_0041|hann er so snarsintur
KEE07_120721_0042|tólv svensk egg
KEE07_120721_0043|vistfrøðiligar gularøtur
KEE07_120721_0044|grønar og reyðar víndrúvur
KEE07_120721_0045|grovt salt
KEE07_120721_0046|ein dunkur av hársprey
KEE07_120721_0047|seks grønar bananir
KEE07_120721_0048|føroysk rullupylsa
KEE07_120721_0049|ein litur av sukurfríum ísi
KEE07_120721_0050|fullkornsbreyð
KEE07_120721_0051|ein kassi av mandarinum
KEE07_120721_0052|eitt kilo av eplum
KEE07_120721_0053|súreplir til gásina
KEE07_120721_0054|tvær purrur
KEE07_120721_0055|fýra pakkar av róma
KEE07_120721_0056|lappar at turka borðið við
KEE07_120721_0057|tólv eggjahvítar
KEE07_120721_0058|reyðleykur
KEE07_120721_0059|jogurt í bláum pakka
KEE07_120721_0060|kirsuberjasós
KEE07_120721_0061|enskur búffur av lundum
KEE07_120721_0062|høsnarungi í tern
KEE07_120721_0063|hakkaðar mandlur
KEE07_120721_0064|tríggir pakkar av rivnum osti
KEE07_120721_0065|fryst rundstykki
KEE07_120721_0066|mais í dós
KEE07_120721_0067|frystar grønar ertrar
KEE07_120721_0068|sum ung droymdi tingkvinnan um at fara út í heim
KEE07_120721_0069|eftir fyrsta árið í hoydølum gjørdi hon av at fara til noregs
KEE07_120721_0070|hon gekk tey bæði seinnu árini á einum altjóða studentaskúla
KEE07_120721_0071|studentaskúlin hýsir næmingum úr hálvfems ymiskum londum í heiminum
KEE07_120721_0072|hetta var eitt spennandi og læruríkt tíðarskeið
KEE07_120721_0073|skúlatíðin í noregi lærdi meg ómetaliga nógv
KEE07_120721_0074|tað er mennandi at búgva saman við so nógvum fólkum av ymsum tjóðskapi
KEE07_120721_0075|tí slepst ikki undan mentanarligum samanbrestum og trupulleikum av ymsum slag
KEE07_120721_0076|tað er alneyðugt
KEE07_120721_0077|annars ber ikki til at liva og virka lið um lið á skúlanum
KEE07_120721_0078|studentaskúlin í noregi er tó ikki einastu royndirnar ið hon hevði uttanlands
KEE07_120721_0079|hon búði í nøkur ár í danmark
KEE07_120721_0080|hon byrjaði at lesa á universiteti men gavst aftur
KEE07_120721_0081|valið fall á høvuðsstaðin í etiopia har eysturi í afrika
KEE07_120721_0082|fleiri myndugleikar høvdu mælt fólki frá at ferðast til etiopia
KEE07_120721_0083|hetta var tí at umstøðurnar vóru so vánaligar
KEE07_120721_0084|men hetta ræddi ikki ungu gentuna úr vestmanna
KEE07_120721_0085|tvørturímóti
KEE07_120721_0086|eg hugsaði beint øvugt
KEE07_120721_0087|kanska var eg naiv og brennandi idealist
KEE07_120721_0088|men tað gav mær ógvuliga nógv at undirvísa fyri børnum ið vóru hart rakt
KEE07_120721_0089|hugurin til hjálpararbeiðið bygdi á innaru drívmegina
KEE07_120721_0090|drívmegin er at skapa eitt betri samfelag fyri øll
KEE07_120721_0091|bæði heima og úti
KEE07_120721_0092|tað er ein stór uppgáva sum hon als ikki megnar einsamøll
KEE07_120721_0093|tað mesta av dagliga lívinum hjá okkum snýr seg um at vinna pengar
KEE07_120721_0094|tað gera vit fyri at kunna rinda stór lán fyri hús
KEE07_120721_0095|vit keypa lutir ið vit í roynd og veru als ikki hava tørv á
KEE07_120721_0096|tað er ein ósunn brúkaramentan har vit framleiða og brúka og tveita burtur
KEE07_120721_0097|vit burdu heldur endurnýtt tilfarið
KEE07_120721_0098|tað er ein feril av fáfongd og egoismu
KEE07_120721_0099|hon næstan skammast við at siga søguna um gentuna úr vestmanna
KEE07_120721_0100|tá setti hon ovurstór krøv til sín sjálvs og lívið
KEE07_120721_0101|samanborið við støðuna í etiopia so vóru heimligu trupulleikarnir lítlir
KEE07_120721_0102|um alt tað sum vit taka púra fyri givið
KEE07_120721_0103|hon grundar leingi um spurningarnar ið verða hangandi í luftini
KEE07_120721_0104|hann var á øðrum liði
KEE07_120721_0105|hevur tú keypt atgongumerki til dystin
KEE07_120721_0106|hb spælir á heimavølli móti eb streymi
KEE07_120721_0107|teir spæla á útivølli
KEE07_120721_0108|tær eru báðar áleyparar á liðnum
KEE07_120721_0109|eg eri álopsleikari
KEE07_120721_0110|álopsspælið hjá teimum var gott
KEE07_120721_0111|hann fekk eina ávaring
KEE07_120721_0112|málmaðurin sá leikararnar renna móti baklinjuni
KEE07_120721_0113|eg haldi at hon er bakkur í b36
KEE07_120721_0114|eg haldi hatta var fríspark
KEE07_120721_0115|málmaðurin bjargaði brotssparkinum
KEE07_120721_0116|hatta er flottasta bjargingin eg havi sæð
KEE07_120721_0117|hann sparkaði bóltin fram til ein leysan álopsleikara
KEE07_120721_0118|dómarin bríkslar
KEE07_120721_0119|tað endaði við brotssparkskapping
KEE07_120721_0120|hon rann heilt fram í brotsteigin
KEE07_120721_0121|hann dribblaði allan vegin fram til málið
KEE07_120721_0122|teir eru við í undankappingini til europameistaraskapin
KEE07_120721_0123|hann var bara við sum eykaleikari
KEE07_120721_0124|teir hava einki eykalið
KEE07_120721_0125|hann skoraði í eykatíðini
KEE07_120721_0126|eg vænti ikki at teir koma í finaluna
KEE07_120721_0127|tær vunnu fjórðingsfinaluna
KEE07_120721_0128|nú hevur dómarin floytað
KEE07_120721_0129|er nakar fótbóltsdystur í sjónvarpinum í kvøld
KEE07_120721_0130|hann fór á skrivstovuna uttan at raka sær
KEE07_120721_0131|hon búði úti á bygd
KEE07_120721_0132|eg kann enn ikki trúgva at tað hendi
KEE07_120721_0133|sig ikki tað
KEE07_120721_0134|tær lótu seg í svimjiklæði
KEE07_120721_0135|tit kunnu grenja so galið tit vilja
KEE07_120721_0136|eingin fer at gera hetta fyri tykkum kortini
KEE07_120721_0137|gita hvør pápi hansara er
KEE07_120721_0138|tey gera alt tey eru ment fyri at fara tíðliga upp
KEE07_120721_0139|hon er so óð eftir at dansa
KEE07_120721_0140|hon kom heilt yvir til mín
KEE07_120721_0141|eg haldi ikki at tú hevur rætt
KEE07_120721_0142|eg vóni at tú fert at gera tað
KEE07_120721_0143|teir fara sjálvir at gera hatta
KEE07_120721_0144|eg hevði ynskt at tú helt uppat við hasum
KEE07_120721_0145|tað verður ikki leingi til maður mín kemur aftur
KEE07_120721_0146|eg sá tykkum í býnum fyrradagin
KEE07_120721_0147|hann dugir altso ikki serliga væl at spæla fótbólt
KEE07_120721_0148|eg gavst við at spæla trummur
KEE07_120721_0149|mamma sigur at hon vil tosa við teg
KEE07_120721_0150|eg eri farin at læra meg at dansa
KEE07_120721_0151|hann kemur ofta at vitja áðrenn døgurða
KEE07_120721_0152|legg knívin frá tær
KEE07_120721_0153|tað er ein stórur møguleiki
KEE07_120721_0154|eg skal av á næsta steðgiplássi
KEE07_120721_0155|innbúgvið í hesari skrivstovuni er rættiliga nýtt
KEE07_120721_0156|hann fer at búgva hjá mær meðan hann er her
KEE07_120721_0157|tey søgdu at tey vóru væl fyrireikað
KEE07_120721_0158|hann verður illur við okkum um vit gera hetta
KEE07_120721_0159|vit eru ikki klár at tosa um hatta enn
KEE07_120721_0160|eg skal koma at keypa við tær
KEE07_120721_0161|eg má gjalda henni aftur
KEE07_120721_0162|eg hyggi ikki
KEE07_120721_0163|kunnu tit gita hvør eigur handan hattin
KEE07_120721_0164|hann tjenti nógvar pengar
KEE07_120721_0165|tað er tað sum eg geri
KEE07_120721_0166|blaka ikki steinar í ánna
KEE07_120721_0167|tær søgdu at tær eta ikki svínakjøt
KEE07_120721_0168|hann trúði ikki at tit veruliga ætlaðu at gera hatta
